[{"Nombre de tests en moyenne":null,"Code pays":"AGO","Nombre d'hospitalisation en moyenne":null,"Moyenne d'age":"16.799999237060547","Moyenne des cas":"75.90625","Moyenne des morts":"1.78125"},{"Nombre de tests en moyenne":null,"Code pays":"CMR","Nombre d'hospitalisation en moyenne":null,"Moyenne d'age":"18.799999237060547","Moyenne des cas":"75.09375","Moyenne des morts":"0.34375"},{"Nombre de tests en moyenne":"332.63157894736844","Code pays":"CPV","Nombre d'hospitalisation en moyenne":null,"Moyenne d'age":"25.700000762939453","Moyenne des cas":"34.71875","Moyenne des morts":"0.25"},{"Nombre de tests en moyenne":null,"Code pays":"DZA","Nombre d'hospitalisation en moyenne":null,"Moyenne d'age":"29.100000381469727","Moyenne des cas":"521.8125","Moyenne des morts":"10.34375"},{"Nombre de tests en moyenne":null,"Code pays":"EGY","Nombre d'hospitalisation en moyenne":null,"Moyenne d'age":"25.299999237060547","Moyenne des cas":"736.25","Moyenne des morts":"32.40625"},{"Nombre de tests en moyenne":"5274.419354838709","Code pays":"ETH","Nombre d'hospitalisation en moyenne":null,"Moyenne d'age":"19.799999237060547","Moyenne des cas":"455.5625","Moyenne des morts":"7.21875"},{"Nombre de tests en moyenne":null,"Code pays":"GIN","Nombre d'hospitalisation en moyenne":null,"Moyenne d'age":"19.0","Moyenne des cas":"19.34375","Moyenne des morts":"0.15625"},{"Nombre de tests en moyenne":"7137.0","Code pays":"KEN","Nombre d'hospitalisation en moyenne":null,"Moyenne d'age":"20.0","Moyenne des cas":"406.125","Moyenne des morts":"6.625"},{"Nombre de tests en moyenne":null,"Code pays":"LBR","Nombre d'hospitalisation en moyenne":null,"Moyenne d'age":"19.200000762939453","Moyenne des cas":"5.75","Moyenne des morts":"0.0"},{"Nombre de tests en moyenne":null,"Code pays":"MDG","Nombre d'hospitalisation en moyenne":null,"Moyenne d'age":"19.600000381469727","Moyenne des cas":"11.65625","Moyenne des morts":"0.3125"},{"Nombre de tests en moyenne":"1673.7","Code pays":"NAM","Nombre d'hospitalisation en moyenne":null,"Moyenne d'age":"22.0","Moyenne des cas":"317.65625","Moyenne des morts":"1.78125"},{"Nombre de tests en moyenne":null,"Code pays":"NER","Nombre d'hospitalisation en moyenne":null,"Moyenne d'age":"15.100000381469727","Moyenne des cas":"57.96875","Moyenne des morts":"1.0625"},{"Nombre de tests en moyenne":null,"Code pays":"SDN","Nombre d'hospitalisation en moyenne":null,"Moyenne d'age":"19.700000762939453","Moyenne des cas":"172.0625","Moyenne des morts":"6.84375"},{"Nombre de tests en moyenne":"1264.28125","Code pays":"SEN","Nombre d'hospitalisation en moyenne":null,"Moyenne d'age":"18.700000762939453","Moyenne des cas":"102.34375","Moyenne des morts":"2.40625"},{"Nombre de tests en moyenne":null,"Code pays":"SLE","Nombre d'hospitalisation en moyenne":null,"Moyenne d'age":"19.100000381469727","Moyenne des cas":"6.96875","Moyenne des morts":"0.0625"},{"Nombre de tests en moyenne":null,"Code pays":"SOM","Nombre d'hospitalisation en moyenne":null,"Moyenne d'age":"16.799999237060547","Moyenne des cas":"8.21875","Moyenne des morts":"0.53125"},{"Nombre de tests en moyenne":"1518.9333333333334","Code pays":"ZWE","Nombre d'hospitalisation en moyenne":null,"Moyenne d'age":"19.600000381469727","Moyenne des cas":"129.1875","Moyenne des morts":"2.90625"},{"Nombre de tests en moyenne":null,"Code pays":"BDI","Nombre d'hospitalisation en moyenne":null,"Moyenne d'age":"17.5","Moyenne des cas":"4.1875","Moyenne des morts":"0.03125"},{"Nombre de tests en moyenne":null,"Code pays":"BEN","Nombre d'hospitalisation en moyenne":null,"Moyenne d'age":"18.799999237060547","Moyenne des cas":"7.375","Moyenne des morts":"0.03125"},{"Nombre de tests en moyenne":null,"Code pays":"BFA","Nombre d'hospitalisation en moyenne":null,"Moyenne d'age":"17.600000381469727","Moyenne des cas":"123.1875","Moyenne des morts":"0.53125"},{"Nombre de tests en moyenne":null,"Code pays":"BWA","Nombre d'hospitalisation en moyenne":null,"Moyenne d'age":"25.799999237060547","Moyenne des cas":"126.96875","Moyenne des morts":"0.25"},{"Nombre de tests en moyenne":null,"Code pays":"CAF","Nombre d'hospitalisation en moyenne":null,"Moyenne d'age":"18.299999237060547","Moyenne des cas":"1.5625","Moyenne des morts":"0.0"},{"Nombre de tests en moyenne":"1305.75","Code pays":"CIV","Nombre d'hospitalisation en moyenne":null,"Moyenne d'age":"18.700000762939453","Moyenne des cas":"38.5","Moyenne des morts":"0.1875"},{"Nombre de tests en moyenne":"491.6666666666667","Code pays":"COD","Nombre d'hospitalisation en moyenne":null,"Moyenne d'age":"17.0","Moyenne des cas":"158.65625","Moyenne des morts":"8.0625"},{"Nombre de tests en moyenne":null,"Code pays":"COG","Nombre d'hospitalisation en moyenne":null,"Moyenne d'age":"19.0","Moyenne des cas":"41.65625","Moyenne des morts":"0.4375"},{"Nombre de tests en moyenne":null,"Code pays":"COM","Nombre d'hospitalisation en moyenne":null,"Moyenne d'age":"20.399999618530273","Moyenne des cas":"6.625","Moyenne des morts":"0.09375"},{"Nombre de tests en moyenne":null,"Code pays":"DJI","Nombre d'hospitalisation en moyenne":null,"Moyenne d'age":"25.399999618530273","Moyenne des cas":"5.03125","Moyenne des morts":"0.0"},{"Nombre de tests en moyenne":null,"Code pays":"ERI","Nombre d'hospitalisation en moyenne":null,"Moyenne d'age":"19.299999237060547","Moyenne des cas":"21.09375","Moyenne des morts":"0.09090909090909091"},{"Nombre de tests en moyenne":null,"Code pays":"GAB","Nombre d'hospitalisation en moyenne":null,"Moyenne d'age":"23.100000381469727","Moyenne des cas":"11.15625","Moyenne des morts":"0.125"},{"Nombre de tests en moyenne":"2508.6521739130435","Code pays":"GHA","Nombre d'hospitalisation en moyenne":null,"Moyenne d'age":"21.100000381469727","Moyenne des cas":"101.96875","Moyenne des morts":"0.375"},{"Nombre de tests en moyenne":null,"Code pays":"GMB","Nombre d'hospitalisation en moyenne":null,"Moyenne d'age":"17.5","Moyenne des cas":"1.8125","Moyenne des morts":"0.03125"},{"Nombre de tests en moyenne":null,"Code pays":"GNB","Nombre d'hospitalisation en moyenne":null,"Moyenne d'age":"19.399999618530273","Moyenne des cas":"0.34375","Moyenne des morts":"0.03125"},{"Nombre de tests en moyenne":null,"Code pays":"GNQ","Nombre d'hospitalisation en moyenne":null,"Moyenne d'age":"22.399999618530273","Moyenne des cas":"3.875","Moyenne des morts":"0.03125"},{"Nombre de tests en moyenne":"4245.0","Code pays":"LBY","Nombre d'hospitalisation en moyenne":null,"Moyenne d'age":"29.0","Moyenne des cas":"560.46875","Moyenne des morts":"9.5"},{"Nombre de tests en moyenne":null,"Code pays":"LSO","Nombre d'hospitalisation en moyenne":null,"Moyenne d'age":"22.200000762939453","Moyenne des cas":"34.28125","Moyenne des morts":"0.21875"},{"Nombre de tests en moyenne":"16192.666666666666","Code pays":"MAR","Nombre d'hospitalisation en moyenne":null,"Moyenne d'age":"29.600000381469727","Moyenne des cas":"2644.8125","Moyenne des morts":"49.34375"},{"Nombre de tests en moyenne":null,"Code pays":"MLI","Nombre d'hospitalisation en moyenne":null,"Moyenne d'age":"16.399999618530273","Moyenne des cas":"77.90625","Moyenne des morts":"3.59375"},{"Nombre de tests en moyenne":"1303.9666666666667","Code pays":"MOZ","Nombre d'hospitalisation en moyenne":null,"Moyenne d'age":"17.700000762939453","Moyenne des cas":"96.65625","Moyenne des morts":"1.125"},{"Nombre de tests en moyenne":"746.0","Code pays":"MRT","Nombre d'hospitalisation en moyenne":null,"Moyenne d'age":"20.299999237060547","Moyenne des cas":"186.875","Moyenne des morts":"5.375"},{"Nombre de tests en moyenne":null,"Code pays":"MUS","Nombre d'hospitalisation en moyenne":null,"Moyenne d'age":"37.400001525878906","Moyenne des cas":"0.71875","Moyenne des morts":"0.0"},{"Nombre de tests en moyenne":null,"Code pays":"MWI","Nombre d'hospitalisation en moyenne":null,"Moyenne d'age":"18.100000381469727","Moyenne des cas":"20.5","Moyenne des morts":"0.1875"},{"Nombre de tests en moyenne":"6126.0","Code pays":"NGA","Nombre d'hospitalisation en moyenne":null,"Moyenne d'age":"18.100000381469727","Moyenne des cas":"657.1875","Moyenne des morts":"3.78125"},{"Nombre de tests en moyenne":"3001.470588235294","Code pays":"RWA","Nombre d'hospitalisation en moyenne":null,"Moyenne d'age":"20.299999237060547","Moyenne des cas":"78.9375","Moyenne des morts":"1.40625"},{"Nombre de tests en moyenne":"1668.1666666666667","Code pays":"SSD","Nombre d'hospitalisation en moyenne":null,"Moyenne d'age":"19.200000762939453","Moyenne des cas":"14.03125","Moyenne des morts":"0.0625"},{"Nombre de tests en moyenne":null,"Code pays":"STP","Nombre d'hospitalisation en moyenne":null,"Moyenne d'age":"18.700000762939453","Moyenne des cas":"0.96875","Moyenne des morts":"0.0"},{"Nombre de tests en moyenne":null,"Code pays":"SWZ","Nombre d'hospitalisation en moyenne":null,"Moyenne d'age":"21.5","Moyenne des cas":"95.71875","Moyenne des morts":"2.9375"},{"Nombre de tests en moyenne":null,"Code pays":"SYC","Nombre d'hospitalisation en moyenne":null,"Moyenne d'age":"36.20000076293945","Moyenne des cas":"2.875","Moyenne des morts":null},{"Nombre de tests en moyenne":null,"Code pays":"TCD","Nombre d'hospitalisation en moyenne":null,"Moyenne d'age":"16.700000762939453","Moyenne des cas":"14.15625","Moyenne des morts":"0.09375"},{"Nombre de tests en moyenne":"939.7333333333333","Code pays":"TGO","Nombre d'hospitalisation en moyenne":null,"Moyenne d'age":"19.399999618530273","Moyenne des cas":"21.5","Moyenne des morts":"0.125"},{"Nombre de tests en moyenne":null,"Code pays":"TUN","Nombre d'hospitalisation en moyenne":null,"Moyenne d'age":"32.70000076293945","Moyenne des cas":"1368.375","Moyenne des morts":"45.9375"},{"Nombre de tests en moyenne":null,"Code pays":"TZA","Nombre d'hospitalisation en moyenne":null,"Moyenne d'age":"17.700000762939453","Moyenne des cas":"0.0","Moyenne des morts":"0.0"},{"Nombre de tests en moyenne":"3884.7241379310344","Code pays":"UGA","Nombre d'hospitalisation en moyenne":null,"Moyenne d'age":"16.399999618530273","Moyenne des cas":"470.375","Moyenne des morts":"1.875"},{"Nombre de tests en moyenne":"39590.67857142857","Code pays":"ZAF","Nombre d'hospitalisation en moyenne":null,"Moyenne d'age":"27.299999237060547","Moyenne des cas":"8871.34375","Moyenne des morts":"229.75"},{"Nombre de tests en moyenne":"6222.633333333333","Code pays":"ZMB","Nombre d'hospitalisation en moyenne":null,"Moyenne d'age":"17.700000762939453","Moyenne des cas":"104.6875","Moyenne des morts":"1.03125"}]