[{"Nombre de tests en moyenne":"134617.59375","Code pays":"ARE","Nombre d'hospitalisation en moyenne":null,"Moyenne d'age":"34.0","Moyenne des cas":"1275.5625","Moyenne des morts":"3.09375"},
    {"Nombre de tests en moyenne":null,"Code pays":"ARM","Nombre d'hospitalisation en moyenne":null,"Moyenne d'age":"35.70000076293945","Moyenne des cas":"769.1875","Moyenne des morts":"20.75"},
    {"Nombre de tests en moyenne":"14641.322580645161","Code pays":"BGD","Nombre d'hospitalisation en moyenne":null,"Moyenne d'age":"27.5","Moyenne des cas":"1549.0","Moyenne des morts":"29.125"},
    {"Nombre de tests en moyenne":null,"Code pays":"HKG","Nombre d'hospitalisation en moyenne":null,"Moyenne d'age":"44.79999923706055","Moyenne des cas":null,"Moyenne des morts":null},{"Nombre de tests en moyenne":"37350.333333333336","Code pays":"IDN","Nombre d'hospitalisation en moyenne":null,"Moyenne d'age":"29.299999237060547","Moyenne des cas":"6637.09375","Moyenne des morts":"168.25"},{"Nombre de tests en moyenne":"1025228.448275862","Code pays":"IND","Nombre d'hospitalisation en moyenne":null,"Moyenne d'age":"28.200000762939453","Moyenne des cas":"25746.875","Moyenne des morts":"355.40625"},{"Nombre de tests en moyenne":"32900.0","Code pays":"IRQ","Nombre d'hospitalisation en moyenne":null,"Moyenne d'age":"20.0","Moyenne des cas":"1363.875","Moyenne des morts":"17.6875"},{"Nombre de tests en moyenne":"19944.55172413793","Code pays":"JOR","Nombre d'hospitalisation en moyenne":null,"Moyenne d'age":"23.200000762939453","Moyenne des cas":"2385.46875","Moyenne des morts":"34.375"},{"Nombre de tests en moyenne":"41094.903225806454","Code pays":"JPN","Nombre d'hospitalisation en moyenne":null,"Moyenne d'age":"48.20000076293945","Moyenne des cas":"2815.8125","Moyenne des morts":"39.5625"},{"Nombre de tests en moyenne":"31916.68181818182","Code pays":"KAZ","Nombre d'hospitalisation en moyenne":null,"Moyenne d'age":"30.600000381469727","Moyenne des cas":"859.28125","Moyenne des morts":"10.375"},{"Nombre de tests en moyenne":null,"Code pays":"KGZ","Nombre d'hospitalisation en moyenne":null,"Moyenne d'age":"26.299999237060547","Moyenne des cas":"249.3125","Moyenne des morts":"2.53125"},{"Nombre de tests en moyenne":"5198.966666666666","Code pays":"KWT","Nombre d'hospitalisation en moyenne":null,"Moyenne d'age":"33.70000076293945","Moyenne des cas":"257.3125","Moyenne des morts":"1.75"},{"Nombre de tests en moyenne":null,"Code pays":"LAO","Nombre d'hospitalisation en moyenne":null,"Moyenne d'age":"24.399999618530273","Moyenne des cas":"0.0625","Moyenne des morts":null},{"Nombre de tests en moyenne":null,"Code pays":"LBN","Nombre d'hospitalisation en moyenne":null,"Moyenne d'age":"31.100000381469727","Moyenne des cas":"1748.25","Moyenne des morts":"14.40625"},{"Nombre de tests en moyenne":"13387.935483870968","Code pays":"LKA","Nombre d'hospitalisation en moyenne":null,"Moyenne d'age":"34.099998474121094","Moyenne des cas":"620.90625","Moyenne des morts":"2.8125"},{"Nombre de tests en moyenne":"22661.72","Code pays":"MMR","Nombre d'hospitalisation en moyenne":null,"Moyenne d'age":"29.100000381469727","Moyenne des cas":"1072.78125","Moyenne des morts":"23.625"},{"Nombre de tests en moyenne":"6306.259259259259","Code pays":"NPL","Nombre d'hospitalisation en moyenne":null,"Moyenne d'age":"25.0","Moyenne des cas":"861.46875","Moyenne des morts":"11.125"},{"Nombre de tests en moyenne":"38523.933333333334","Code pays":"PAK","Nombre d'hospitalisation en moyenne":null,"Moyenne d'age":"23.5","Moyenne des cas":"2621.25","Moyenne des morts":"67.71875"},{"Nombre de tests en moyenne":"5949.709677419355","Code pays":"PSE","Nombre d'hospitalisation en moyenne":null,"Moyenne d'age":"20.399999618530273","Moyenne des cas":"1674.25","Moyenne des morts":"21.4375"},{"Nombre de tests en moyenne":"36830.13333333333","Code pays":"SAU","Nombre d'hospitalisation en moyenne":null,"Moyenne d'age":"31.899999618530273","Moyenne des cas":"172.4375","Moyenne des morts":"10.4375"},{"Nombre de tests en moyenne":null,"Code pays":"SGP","Nombre d'hospitalisation en moyenne":null,"Moyenne d'age":"42.400001525878906","Moyenne des cas":"12.84375","Moyenne des morts":"0.0"},{"Nombre de tests en moyenne":"5235.0","Code pays":"THA","Nombre d'hospitalisation en moyenne":null,"Moyenne d'age":"40.099998474121094","Moyenne des cas":"105.34375","Moyenne des morts":"0.125"},{"Nombre de tests en moyenne":"526.3548387096774","Code pays":"TWN","Nombre d'hospitalisation en moyenne":null,"Moyenne d'age":"42.20000076293945","Moyenne des cas":"3.96875","Moyenne des morts":"0.0"},{"Nombre de tests en moyenne":null,"Code pays":"VNM","Nombre d'hospitalisation en moyenne":null,"Moyenne d'age":"32.599998474121094","Moyenne des cas":"3.96875","Moyenne des morts":"0.0"},{"Nombre de tests en moyenne":null,"Code pays":"AFG","Nombre d'hospitalisation en moyenne":null,"Moyenne d'age":"18.600000381469727","Moyenne des cas":"164.125","Moyenne des morts":"12.375"},{"Nombre de tests en moyenne":null,"Code pays":"AZE","Nombre d'hospitalisation en moyenne":null,"Moyenne d'age":"32.400001525878906","Moyenne des cas":"3058.28125","Moyenne des morts":"39.9375"},{"Nombre de tests en moyenne":"9984.166666666666","Code pays":"BHR","Nombre d'hospitalisation en moyenne":null,"Moyenne d'age":"32.400001525878906","Moyenne des cas":"186.15625","Moyenne des morts":"0.34375"},{"Nombre de tests en moyenne":null,"Code pays":"BRN","Nombre d'hospitalisation en moyenne":null,"Moyenne d'age":"32.400001525878906","Moyenne des cas":"0.21875","Moyenne des morts":"0.0"},{"Nombre de tests en moyenne":null,"Code pays":"BTN","Nombre d'hospitalisation en moyenne":null,"Moyenne d'age":"28.600000381469727","Moyenne des cas":"8.71875","Moyenne des morts":null},{"Nombre de tests en moyenne":null,"Code pays":"CHN","Nombre d'hospitalisation en moyenne":null,"Moyenne d'age":"38.70000076293945","Moyenne des cas":"97.53125","Moyenne des morts":"1.21875"},{"Nombre de tests en moyenne":null,"Code pays":"GEO","Nombre d'hospitalisation en moyenne":null,"Moyenne d'age":"38.70000076293945","Moyenne des cas":"2900.8125","Moyenne des morts":"39.40625"},{"Nombre de tests en moyenne":"47581.75","Code pays":"IRN","Nombre d'hospitalisation en moyenne":null,"Moyenne d'age":"32.400001525878906","Moyenne des cas":"8417.46875","Moyenne des morts":"221.59375"},{"Nombre de tests en moyenne":"72504.04","Code pays":"ISR","Nombre d'hospitalisation en moyenne":null,"Moyenne d'age":"30.600000381469727","Moyenne des cas":"2853.71875","Moyenne des morts":"15.125"},{"Nombre de tests en moyenne":null,"Code pays":"KHM","Nombre d'hospitalisation en moyenne":null,"Moyenne d'age":"25.600000381469727","Moyenne des cas":"1.65625","Moyenne des morts":null},{"Nombre de tests en moyenne":"33613.03333333333","Code pays":"KOR","Nombre d'hospitalisation en moyenne":null,"Moyenne d'age":"43.400001525878906","Moyenne des cas":"873.15625","Moyenne des morts":"13.0"},{"Nombre de tests en moyenne":"627.5714285714286","Code pays":"MDV","Nombre d'hospitalisation en moyenne":null,"Moyenne d'age":"30.600000381469727","Moyenne des cas":"24.78125","Moyenne des morts":"0.0625"},{"Nombre de tests en moyenne":null,"Code pays":"MNG","Nombre d'hospitalisation en moyenne":null,"Moyenne d'age":"28.600000381469727","Moyenne des cas":"13.78125","Moyenne des morts":"0.25"},{"Nombre de tests en moyenne":"21663.0","Code pays":"MYS","Nombre d'hospitalisation en moyenne":null,"Moyenne d'age":"29.899999618530273","Moyenne des cas":"1543.15625","Moyenne des morts":"3.5625"},{"Nombre de tests en moyenne":null,"Code pays":"OMN","Nombre d'hospitalisation en moyenne":null,"Moyenne d'age":"30.700000762939453","Moyenne des cas":"161.5","Moyenne des morts":"2.375"},{"Nombre de tests en moyenne":"29659.966666666667","Code pays":"PHL","Nombre d'hospitalisation en moyenne":null,"Moyenne d'age":"25.200000762939453","Moyenne des cas":"1380.9375","Moyenne des morts":"26.75"},{"Nombre de tests en moyenne":"4160.5161290322585","Code pays":"QAT","Nombre d'hospitalisation en moyenne":null,"Moyenne d'age":"31.899999618530273","Moyenne des cas":"162.78125","Moyenne des morts":"0.25"},{"Nombre de tests en moyenne":null,"Code pays":"SYR","Nombre d'hospitalisation en moyenne":null,"Moyenne d'age":"21.700000762939453","Moyenne des cas":"113.71875","Moyenne des morts":"9.375"},{"Nombre de tests en moyenne":null,"Code pays":"TJK","Nombre d'hospitalisation en moyenne":null,"Moyenne d'age":"23.299999237060547","Moyenne des cas":"34.4375","Moyenne des morts":"0.125"},{"Nombre de tests en moyenne":null,"Code pays":"TLS","Nombre d'hospitalisation en moyenne":null,"Moyenne d'age":"18.0","Moyenne des cas":"0.4375","Moyenne des morts":null},{"Nombre de tests en moyenne":"190718.5483870968","Code pays":"TUR","Nombre d'hospitalisation en moyenne":null,"Moyenne d'age":"31.600000381469727","Moyenne des cas":"49437.75","Moyenne des morts":"229.59375"},{"Nombre de tests en moyenne":null,"Code pays":"UZB","Nombre d'hospitalisation en moyenne":null,"Moyenne d'age":"28.200000762939453","Moyenne des cas":"127.75","Moyenne des morts":"0.125"},{"Nombre de tests en moyenne":null,"Code pays":"YEM","Nombre d'hospitalisation en moyenne":null,"Moyenne d'age":"20.299999237060547","Moyenne des cas":"-2.8125","Moyenne des morts":"-0.28125"}]
