[{"Nombre de tests en moyenne":"23727.1","Code pays":"AUT","Nombre d'hospitalisation en moyenne":"2843.8518518518517","Moyenne d'age":"44.400001525878906","Moyenne des cas":"2514.21875","Moyenne des morts":"96.15625"},{"Nombre de tests en moyenne":null,"Code pays":"BLR","Nombre d'hospitalisation en moyenne":null,"Moyenne d'age":"40.29999923706055","Moyenne des cas":"1861.75","Moyenne des morts":"8.59375"},{"Nombre de tests en moyenne":"20775.433333333334","Code pays":"CHE","Nombre d'hospitalisation en moyenne":null,"Moyenne d'age":"43.099998474121094","Moyenne des cas":"3913.25","Moyenne des morts":"90.28125"},{"Nombre de tests en moyenne":"10487.206896551725","Code pays":"CYP","Nombre d'hospitalisation en moyenne":"119.125","Moyenne d'age":"37.29999923706055","Moyenne des cas":"382.90625","Moyenne des morts":"2.4375"},{"Nombre de tests en moyenne":null,"Code pays":"DEU","Nombre d'hospitalisation en moyenne":null,"Moyenne d'age":"46.599998474121094","Moyenne des cas":"21647.65625","Moyenne des morts":"545.34375"},{"Nombre de tests en moyenne":"16426.466666666667","Code pays":"FIN","Nombre d'hospitalisation en moyenne":"236.75","Moyenne d'age":"42.79999923706055","Moyenne des cas":"359.09375","Moyenne des morts":"5.0625"},{"Nombre de tests en moyenne":"282036.03571428574","Code pays":"FRA","Nombre d'hospitalisation en moyenne":"25434.14814814815","Moyenne d'age":"42.0","Moyenne des cas":"13129.375","Moyenne des morts":"377.28125"},{"Nombre de tests en moyenne":"8673.344827586207","Code pays":"HRV","Nombre d'hospitalisation en moyenne":"2738.0","Moyenne d'age":"44.0","Moyenne des cas":"2611.40625","Moyenne des morts":"67.96875"},{"Nombre de tests en moyenne":"13225.258064516129","Code pays":"IRL","Nombre d'hospitalisation en moyenne":"225.2962962962963","Moyenne d'age":"38.70000076293945","Moyenne des cas":"655.875","Moyenne des morts":"6.09375"},{"Nombre de tests en moyenne":null,"Code pays":"LIE","Nombre d'hospitalisation en moyenne":null,"Moyenne d'age":null,"Moyenne des cas":"28.28125","Moyenne des morts":"0.71875"},{"Nombre de tests en moyenne":"8144.387096774193","Code pays":"LVA","Nombre d'hospitalisation en moyenne":"781.8518518518518","Moyenne d'age":"43.900001525878906","Moyenne des cas":"766.875","Moyenne des morts":"13.6875"},{"Nombre de tests en moyenne":null,"Code pays":"MCO","Nombre d'hospitalisation en moyenne":null,"Moyenne d'age":null,"Moyenne des cas":"8.625","Moyenne des morts":"0.0"},{"Nombre de tests en moyenne":null,"Code pays":"MDA","Nombre d'hospitalisation en moyenne":null,"Moyenne d'age":"37.599998474121094","Moyenne des cas":"1184.1875","Moyenne des morts":"21.875"},{"Nombre de tests en moyenne":"2197.3793103448274","Code pays":"MKD","Nombre d'hospitalisation en moyenne":null,"Moyenne d'age":"39.099998474121094","Moyenne des cas":"683.28125","Moyenne des morts":"23.34375"},{"Nombre de tests en moyenne":null,"Code pays":"MNE","Nombre d'hospitalisation en moyenne":null,"Moyenne d'age":"39.099998474121094","Moyenne des cas":"416.375","Moyenne des morts":"5.78125"},{"Nombre de tests en moyenne":"16722.444444444445","Code pays":"NOR","Nombre d'hospitalisation en moyenne":"129.11111111111111","Moyenne d'age":"39.70000076293945","Moyenne des cas":"426.65625","Moyenne des morts":"3.25"},{"Nombre de tests en moyenne":"26064.45","Code pays":"ROU","Nombre d'hospitalisation en moyenne":null,"Moyenne d'age":"43.0","Moyenne des cas":"5026.21875","Moyenne des morts":"140.9375"},{"Nombre de tests en moyenne":"465764.77777777775","Code pays":"RUS","Nombre d'hospitalisation en moyenne":null,"Moyenne d'age":"39.599998474121094","Moyenne des cas":"27438.25","Moyenne des morts":"540.84375"},{"Nombre de tests en moyenne":"11705.193548387097","Code pays":"SVK","Nombre d'hospitalisation en moyenne":"2024.5185185185185","Moyenne d'age":"41.20000076293945","Moyenne des cas":"2455.59375","Moyenne des morts":"44.09375"},{"Nombre de tests en moyenne":"6479.419354838709","Code pays":"SVN","Nombre d'hospitalisation en moyenne":"1254.7037037037037","Moyenne d'age":"44.5","Moyenne des cas":"1504.25","Moyenne des morts":"40.40625"},{"Nombre de tests en moyenne":"38995.51851851852","Code pays":"SWE","Nombre d'hospitalisation en moyenne":null,"Moyenne d'age":"41.0","Moyenne des cas":"6070.3125","Moyenne des morts":"63.9375"},{"Nombre de tests en moyenne":"38136.17647058824","Code pays":"UKR","Nombre d'hospitalisation en moyenne":null,"Moyenne d'age":"41.400001525878906","Moyenne des cas":"10766.0","Moyenne des morts":"209.5625"},{"Nombre de tests en moyenne":null,"Code pays":"VAT","Nombre d'hospitalisation en moyenne":null,"Moyenne d'age":null,"Moyenne des cas":"0.0","Moyenne des morts":null},{"Nombre de tests en moyenne":null,"Code pays":"ALB","Nombre d'hospitalisation en moyenne":null,"Moyenne d'age":"38.0","Moyenne des cas":"629.1875","Moyenne des morts":"11.59375"},{"Nombre de tests en moyenne":null,"Code pays":"AND","Nombre d'hospitalisation en moyenne":null,"Moyenne d'age":null,"Moyenne des cas":"42.875","Moyenne des morts":"0.25"},{"Nombre de tests en moyenne":"33339.76666666667","Code pays":"BEL","Nombre d'hospitalisation en moyenne":"2855.962962962963","Moyenne d'age":"41.79999923706055","Moyenne des cas":"2217.0","Moyenne des morts":"91.75"},{"Nombre de tests en moyenne":"5900.285714285715","Code pays":"BGR","Nombre d'hospitalisation en moyenne":null,"Moyenne d'age":"44.70000076293945","Moyenne des cas":"1788.75","Moyenne des morts":"111.53125"},{"Nombre de tests en moyenne":null,"Code pays":"BIH","Nombre d'hospitalisation en moyenne":null,"Moyenne d'age":"42.5","Moyenne des cas":"757.5625","Moyenne des morts":"43.90625"},{"Nombre de tests en moyenne":"23324.516129032258","Code pays":"CZE","Nombre d'hospitalisation en moyenne":"4604.222222222223","Moyenne d'age":"43.29999923706055","Moyenne des cas":"6522.625","Moyenne des morts":"106.75"},{"Nombre de tests en moyenne":"101206.55172413793","Code pays":"DNK","Nombre d'hospitalisation en moyenne":"483.962962962963","Moyenne d'age":"42.29999923706055","Moyenne des cas":"2673.90625","Moyenne des morts":"15.15625"},{"Nombre de tests en moyenne":null,"Code pays":"ESP","Nombre d'hospitalisation en moyenne":"11973.5625","Moyenne d'age":"45.5","Moyenne des cas":"8752.4375","Moyenne des morts":"180.25"},{"Nombre de tests en moyenne":"4954.903225806452","Code pays":"EST","Nombre d'hospitalisation en moyenne":"314.77777777777777","Moyenne d'age":"42.70000076293945","Moyenne des cas":"503.0625","Moyenne des morts":"3.625"},{"Nombre de tests en moyenne":"364153.9666666667","Code pays":"GBR","Nombre d'hospitalisation en moyenne":"18265.185185185186","Moyenne d'age":"40.79999923706055","Moyenne des cas":"28623.625","Moyenne des morts":"490.375"},{"Nombre de tests en moyenne":"13853.548387096775","Code pays":"GRC","Nombre d'hospitalisation en moyenne":null,"Moyenne d'age":"45.29999923706055","Moyenne des cas":"1068.0","Moyenne des morts":"77.34375"},{"Nombre de tests en moyenne":"18685.0","Code pays":"HUN","Nombre d'hospitalisation en moyenne":"7383.185185185185","Moyenne d'age":"43.400001525878906","Moyenne des cas":"3379.875","Moyenne des morts":"151.375"},{"Nombre de tests en moyenne":"877.6551724137931","Code pays":"ISL","Nombre d'hospitalisation en moyenne":"32.8","Moyenne d'age":"37.29999923706055","Moyenne des cas":"11.3125","Moyenne des morts":"0.09375"},{"Nombre de tests en moyenne":"150113.16129032258","Code pays":"ITA","Nombre d'hospitalisation en moyenne":"30710.555555555555","Moyenne d'age":"47.900001525878906","Moyenne des cas":"16494.4375","Moyenne des morts":"595.15625"},{"Nombre de tests en moyenne":"12012.09677419355","Code pays":"LTU","Nombre d'hospitalisation en moyenne":"2263.55","Moyenne d'age":"43.5","Moyenne des cas":"2580.5625","Moyenne des morts":"33.84375"},{"Nombre de tests en moyenne":"9487.931034482759","Code pays":"LUX","Nombre d'hospitalisation en moyenne":"203.59259259259258","Moyenne d'age":"39.70000076293945","Moyenne des cas":"366.78125","Moyenne des morts":"5.4375"},{"Nombre de tests en moyenne":"2790.8571428571427","Code pays":"MLT","Nombre d'hospitalisation en moyenne":null,"Moyenne d'age":"42.400001525878906","Moyenne des cas":"94.875","Moyenne des morts":"2.5625"},{"Nombre de tests en moyenne":null,"Code pays":"NLD","Nombre d'hospitalisation en moyenne":"1392.7037037037037","Moyenne d'age":"43.20000076293945","Moyenne des cas":"8896.4375","Moyenne des morts":"67.84375"},{"Nombre de tests en moyenne":null,"Code pays":"OWID_KOS","Nombre d'hospitalisation en moyenne":null,"Moyenne d'age":null,"Moyenne des cas":"372.0625","Moyenne des morts":"10.0"},{"Nombre de tests en moyenne":"29817.0","Code pays":"POL","Nombre d'hospitalisation en moyenne":"18861.222222222223","Moyenne d'age":"41.79999923706055","Moyenne des cas":"9842.59375","Moyenne des morts":"368.9375"},{"Nombre de tests en moyenne":"33451.95238095238","Code pays":"PRT","Nombre d'hospitalisation en moyenne":"3142.037037037037","Moyenne d'age":"46.20000076293945","Moyenne des cas":"3830.25","Moyenne des morts":"77.09375"},{"Nombre de tests en moyenne":null,"Code pays":"SMR","Nombre d'hospitalisation en moyenne":null,"Moyenne d'age":null,"Moyenne des cas":"25.5","Moyenne des morts":"0.40625"},{"Nombre de tests en moyenne":"16732.935483870966","Code pays":"SRB","Nombre d'hospitalisation en moyenne":null,"Moyenne d'age":"41.20000076293945","Moyenne des cas":"5142.46875","Moyenne des morts":"51.4375"}]