[{"Nombre de tests en moyenne":null,"Code pays":"AFG","Nombre d'hospitalisation en moyenne":null,"Moyenne d'age":"18.600000381469727","Moyenne des cas":"164.125","Moyenne des morts":"12.375"},
  {"Nombre de tests en moyenne":null,"Code pays":"AGO","Nombre d'hospitalisation en moyenne":null,"Moyenne d'age":"16.799999237060547","Moyenne des cas":"75.90625","Moyenne des morts":"1.78125"},
  {"Nombre de tests en moyenne":null,"Code pays":"ALB","Nombre d'hospitalisation en moyenne":null,"Moyenne d'age":"38.0","Moyenne des cas":"629.1875","Moyenne des morts":"11.59375"},
  {"Nombre de tests en moyenne":null,"Code pays":"AND","Nombre d'hospitalisation en moyenne":null,"Moyenne d'age":null,"Moyenne des cas":"42.875","Moyenne des morts":"0.25"},
  {"Nombre de tests en moyenne":"134617.59375","Code pays":"ARE","Nombre d'hospitalisation en moyenne":null,"Moyenne d'age":"34.0","Moyenne des cas":"1275.5625","Moyenne des morts":"3.09375"},
  {"Nombre de tests en moyenne":"18806.69230769231","Code pays":"ARG","Nombre d'hospitalisation en moyenne":null,"Moyenne d'age":"31.899999618530273","Moyenne des cas":"6408.15625","Moyenne des morts":"143.40625"},
  {"Nombre de tests en moyenne":null,"Code pays":"ARM","Nombre d'hospitalisation en moyenne":null,"Moyenne d'age":"35.70000076293945","Moyenne des cas":"769.1875","Moyenne des morts":"20.75"},
  {"Nombre de tests en moyenne":null,"Code pays":"ATG","Nombre d'hospitalisation en moyenne":null,"Moyenne d'age":"32.099998474121094","Moyenne des cas":"0.5625","Moyenne des morts":"0.03125"},
  {"Nombre de tests en moyenne":"43521.21428571428","Code pays":"AUS","Nombre d'hospitalisation en moyenne":null,"Moyenne d'age":"37.900001525878906","Moyenne des cas":"17.125","Moyenne des morts":"0.03125"},
  {"Nombre de tests en moyenne":"23727.1","Code pays":"AUT","Nombre d'hospitalisation en moyenne":"2843.8518518518517","Moyenne d'age":"44.400001525878906","Moyenne des cas":"2514.21875","Moyenne des morts":"96.15625"},
  {"Nombre de tests en moyenne":null,"Code pays":"AZE","Nombre d'hospitalisation en moyenne":null,"Moyenne d'age":"32.400001525878906","Moyenne des cas":"3058.28125","Moyenne des morts":"39.9375"},
  {"Nombre de tests en moyenne":null,"Code pays":"BDI","Nombre d'hospitalisation en moyenne":null,"Moyenne d'age":"17.5","Moyenne des cas":"4.1875","Moyenne des morts":"0.03125"},
  {"Nombre de tests en moyenne":"33339.76666666667","Code pays":"BEL","Nombre d'hospitalisation en moyenne":"2855.962962962963","Moyenne d'age":"41.79999923706055","Moyenne des cas":"2217.0","Moyenne des morts":"91.75"},
  {"Nombre de tests en moyenne":null,"Code pays":"BEN","Nombre d'hospitalisation en moyenne":null,"Moyenne d'age":"18.799999237060547","Moyenne des cas":"7.375","Moyenne des morts":"0.03125"},
  {"Nombre de tests en moyenne":null,"Code pays":"BFA","Nombre d'hospitalisation en moyenne":null,"Moyenne d'age":"17.600000381469727","Moyenne des cas":"123.1875","Moyenne des morts":"0.53125"},
  {"Nombre de tests en moyenne":"14641.322580645161","Code pays":"BGD","Nombre d'hospitalisation en moyenne":null,"Moyenne d'age":"27.5","Moyenne des cas":"1549.0","Moyenne des morts":"29.125"},
  {"Nombre de tests en moyenne":"5900.285714285715","Code pays":"BGR","Nombre d'hospitalisation en moyenne":null,"Moyenne d'age":"44.70000076293945","Moyenne des cas":"1788.75","Moyenne des morts":"111.53125"},
  {"Nombre de tests en moyenne":"9984.166666666666","Code pays":"BHR","Nombre d'hospitalisation en moyenne":null,"Moyenne d'age":"32.400001525878906","Moyenne des cas":"186.15625","Moyenne des morts":"0.34375"},
  {"Nombre de tests en moyenne":null,"Code pays":"BHS","Nombre d'hospitalisation en moyenne":null,"Moyenne d'age":"34.29999923706055","Moyenne des cas":"10.8125","Moyenne des morts":"0.25"},
  {"Nombre de tests en moyenne":null,"Code pays":"BIH","Nombre d'hospitalisation en moyenne":null,"Moyenne d'age":"42.5","Moyenne des cas":"757.5625","Moyenne des morts":"43.90625"},
  {"Nombre de tests en moyenne":null,"Code pays":"BLR","Nombre d'hospitalisation en moyenne":null,"Moyenne d'age":"40.29999923706055","Moyenne des cas":"1861.75","Moyenne des morts":"8.59375"},
  {"Nombre de tests en moyenne":null,"Code pays":"BLZ","Nombre d'hospitalisation en moyenne":null,"Moyenne d'age":"25.0","Moyenne des cas":"153.8125","Moyenne des morts":"3.125"},
  {"Nombre de tests en moyenne":"1723.892857142857","Code pays":"BOL","Nombre d'hospitalisation en moyenne":null,"Moyenne d'age":"25.399999618530273","Moyenne des cas":"508.65625","Moyenne des morts":"6.8125"},
  {"Nombre de tests en moyenne":null,"Code pays":"BRA","Nombre d'hospitalisation en moyenne":null,"Moyenne d'age":"33.5","Moyenne des cas":"42646.875","Moyenne des morts":"696.59375"},
  {"Nombre de tests en moyenne":null,"Code pays":"BRB","Nombre d'hospitalisation en moyenne":null,"Moyenne d'age":"39.79999923706055","Moyenne des cas":"3.71875","Moyenne des morts":"0.0"},
  {"Nombre de tests en moyenne":null,"Code pays":"BRN","Nombre d'hospitalisation en moyenne":null,"Moyenne d'age":"32.400001525878906","Moyenne des cas":"0.21875","Moyenne des morts":"0.0"},
  {"Nombre de tests en moyenne":null,"Code pays":"BTN","Nombre d'hospitalisation en moyenne":null,"Moyenne d'age":"28.600000381469727","Moyenne des cas":"8.71875","Moyenne des morts":null},
  {"Nombre de tests en moyenne":null,"Code pays":"BWA","Nombre d'hospitalisation en moyenne":null,"Moyenne d'age":"25.799999237060547","Moyenne des cas":"126.96875","Moyenne des morts":"0.25"},
  {"Nombre de tests en moyenne":null,"Code pays":"CAF","Nombre d'hospitalisation en moyenne":null,"Moyenne d'age":"18.299999237060547","Moyenne des cas":"1.5625","Moyenne des morts":"0.0"},
  {"Nombre de tests en moyenne":"84778.19230769231","Code pays":"CAN","Nombre d'hospitalisation en moyenne":"3350.9333333333334","Moyenne d'age":"41.400001525878906","Moyenne des cas":"6370.09375","Moyenne des morts":"109.28125"},
  {"Nombre de tests en moyenne":"20775.433333333334","Code pays":"CHE","Nombre d'hospitalisation en moyenne":null,"Moyenne d'age":"43.099998474121094","Moyenne des cas":"3913.25","Moyenne des morts":"90.28125"},
  {"Nombre de tests en moyenne":"36065.45161290323","Code pays":"CHL","Nombre d'hospitalisation en moyenne":null,"Moyenne d'age":"35.400001525878906","Moyenne des cas":"1900.65625","Moyenne des morts":"39.0625"},
  {"Nombre de tests en moyenne":null,"Code pays":"CHN","Nombre d'hospitalisation en moyenne":null,"Moyenne d'age":"38.70000076293945","Moyenne des cas":"97.53125","Moyenne des morts":"1.21875"},
  {"Nombre de tests en moyenne":"1305.75","Code pays":"CIV","Nombre d'hospitalisation en moyenne":null,"Moyenne d'age":"18.700000762939453","Moyenne des cas":"38.5","Moyenne des morts":"0.1875"},
  {"Nombre de tests en moyenne":null,"Code pays":"CMR","Nombre d'hospitalisation en moyenne":null,"Moyenne d'age":"18.799999237060547","Moyenne des cas":"75.09375","Moyenne des morts":"0.34375"},
  {"Nombre de tests en moyenne":"491.6666666666667","Code pays":"COD","Nombre d'hospitalisation en moyenne":null,"Moyenne d'age":"17.0","Moyenne des cas":"158.65625","Moyenne des morts":"8.0625"},
  {"Nombre de tests en moyenne":null,"Code pays":"COG","Nombre d'hospitalisation en moyenne":null,"Moyenne d'age":"19.0","Moyenne des cas":"41.65625","Moyenne des morts":"0.4375"},{"Nombre de tests en moyenne":"32440.354838709678","Code pays":"COL","Nombre d'hospitalisation en moyenne":null,"Moyenne d'age":"32.20000076293945","Moyenne des cas":"10564.8125","Moyenne des morts":"210.28125"},{"Nombre de tests en moyenne":null,"Code pays":"COM","Nombre d'hospitalisation en moyenne":null,"Moyenne d'age":"20.399999618530273","Moyenne des cas":"6.625","Moyenne des morts":"0.09375"},{"Nombre de tests en moyenne":"332.63157894736844","Code pays":"CPV","Nombre d'hospitalisation en moyenne":null,"Moyenne d'age":"25.700000762939453","Moyenne des cas":"34.71875","Moyenne des morts":"0.25"},{"Nombre de tests en moyenne":null,"Code pays":"CRI","Nombre d'hospitalisation en moyenne":null,"Moyenne d'age":"33.599998474121094","Moyenne des cas":"927.59375","Moyenne des morts":"14.34375"},{"Nombre de tests en moyenne":"11697.4","Code pays":"CUB","Nombre d'hospitalisation en moyenne":null,"Moyenne d'age":"43.099998474121094","Moyenne des cas":"117.875","Moyenne des morts":"0.34375"},{"Nombre de tests en moyenne":"10487.206896551725","Code pays":"CYP","Nombre d'hospitalisation en moyenne":"119.125","Moyenne d'age":"37.29999923706055","Moyenne des cas":"382.90625","Moyenne des morts":"2.4375"},{"Nombre de tests en moyenne":"23324.516129032258","Code pays":"CZE","Nombre d'hospitalisation en moyenne":"4604.222222222223","Moyenne d'age":"43.29999923706055","Moyenne des cas":"6522.625","Moyenne des morts":"106.75"},{"Nombre de tests en moyenne":null,"Code pays":"DEU","Nombre d'hospitalisation en moyenne":null,"Moyenne d'age":"46.599998474121094","Moyenne des cas":"21647.65625","Moyenne des morts":"545.34375"},{"Nombre de tests en moyenne":null,"Code pays":"DJI","Nombre d'hospitalisation en moyenne":null,"Moyenne d'age":"25.399999618530273","Moyenne des cas":"5.03125","Moyenne des morts":"0.0"},{"Nombre de tests en moyenne":null,"Code pays":"DMA","Nombre d'hospitalisation en moyenne":null,"Moyenne d'age":null,"Moyenne des cas":"0.09375","Moyenne des morts":null},{"Nombre de tests en moyenne":"101206.55172413793","Code pays":"DNK","Nombre d'hospitalisation en moyenne":"483.962962962963","Moyenne d'age":"42.29999923706055","Moyenne des cas":"2673.90625","Moyenne des morts":"15.15625"},{"Nombre de tests en moyenne":"4604.5","Code pays":"DOM","Nombre d'hospitalisation en moyenne":null,"Moyenne d'age":"27.600000381469727","Moyenne des cas":"882.1875","Moyenne des morts":"2.65625"},{"Nombre de tests en moyenne":null,"Code pays":"DZA","Nombre d'hospitalisation en moyenne":null,"Moyenne d'age":"29.100000381469727","Moyenne des cas":"521.8125","Moyenne des morts":"10.34375"},{"Nombre de tests en moyenne":"2954.8333333333335","Code pays":"ECU","Nombre d'hospitalisation en moyenne":null,"Moyenne d'age":"28.100000381469727","Moyenne des cas":"646.65625","Moyenne des morts":"18.4375"},{"Nombre de tests en moyenne":null,"Code pays":"EGY","Nombre d'hospitalisation en moyenne":null,"Moyenne d'age":"25.299999237060547","Moyenne des cas":"736.25","Moyenne des morts":"32.40625"},{"Nombre de tests en moyenne":null,"Code pays":"ERI","Nombre d'hospitalisation en moyenne":null,"Moyenne d'age":"19.299999237060547","Moyenne des cas":"21.09375","Moyenne des morts":"0.09090909090909091"},{"Nombre de tests en moyenne":null,"Code pays":"ESP","Nombre d'hospitalisation en moyenne":"11973.5625","Moyenne d'age":"45.5","Moyenne des cas":"8752.4375","Moyenne des morts":"180.25"},{"Nombre de tests en moyenne":"4954.903225806452","Code pays":"EST","Nombre d'hospitalisation en moyenne":"314.77777777777777","Moyenne d'age":"42.70000076293945","Moyenne des cas":"503.0625","Moyenne des morts":"3.625"},{"Nombre de tests en moyenne":"5274.419354838709","Code pays":"ETH","Nombre d'hospitalisation en moyenne":null,"Moyenne d'age":"19.799999237060547","Moyenne des cas":"455.5625","Moyenne des morts":"7.21875"},{"Nombre de tests en moyenne":"16426.466666666667","Code pays":"FIN","Nombre d'hospitalisation en moyenne":"236.75","Moyenne d'age":"42.79999923706055","Moyenne des cas":"359.09375","Moyenne des morts":"5.0625"},{"Nombre de tests en moyenne":"192.8125","Code pays":"FJI","Nombre d'hospitalisation en moyenne":null,"Moyenne d'age":"28.600000381469727","Moyenne des cas":"0.21875","Moyenne des morts":"0.0"},{"Nombre de tests en moyenne":"282036.03571428574","Code pays":"FRA","Nombre d'hospitalisation en moyenne":"25434.14814814815","Moyenne d'age":"42.0","Moyenne des cas":"13129.375","Moyenne des morts":"377.28125"},{"Nombre de tests en moyenne":null,"Code pays":"GAB","Nombre d'hospitalisation en moyenne":null,"Moyenne d'age":"23.100000381469727","Moyenne des cas":"11.15625","Moyenne des morts":"0.125"},{"Nombre de tests en moyenne":"364153.9666666667","Code pays":"GBR","Nombre d'hospitalisation en moyenne":"18265.185185185186","Moyenne d'age":"40.79999923706055","Moyenne des cas":"28623.625","Moyenne des morts":"490.375"},{"Nombre de tests en moyenne":null,"Code pays":"GEO","Nombre d'hospitalisation en moyenne":null,"Moyenne d'age":"38.70000076293945","Moyenne des cas":"2900.8125","Moyenne des morts":"39.40625"},{"Nombre de tests en moyenne":"2508.6521739130435","Code pays":"GHA","Nombre d'hospitalisation en moyenne":null,"Moyenne d'age":"21.100000381469727","Moyenne des cas":"101.96875","Moyenne des morts":"0.375"},{"Nombre de tests en moyenne":null,"Code pays":"GIN","Nombre d'hospitalisation en moyenne":null,"Moyenne d'age":"19.0","Moyenne des cas":"19.34375","Moyenne des morts":"0.15625"},{"Nombre de tests en moyenne":null,"Code pays":"GMB","Nombre d'hospitalisation en moyenne":null,"Moyenne d'age":"17.5","Moyenne des cas":"1.8125","Moyenne des morts":"0.03125"},{"Nombre de tests en moyenne":null,"Code pays":"GNB","Nombre d'hospitalisation en moyenne":null,"Moyenne d'age":"19.399999618530273","Moyenne des cas":"0.34375","Moyenne des morts":"0.03125"},{"Nombre de tests en moyenne":null,"Code pays":"GNQ","Nombre d'hospitalisation en moyenne":null,"Moyenne d'age":"22.399999618530273","Moyenne des cas":"3.875","Moyenne des morts":"0.03125"},{"Nombre de tests en moyenne":"13853.548387096775","Code pays":"GRC","Nombre d'hospitalisation en moyenne":null,"Moyenne d'age":"45.29999923706055","Moyenne des cas":"1068.0","Moyenne des morts":"77.34375"},{"Nombre de tests en moyenne":null,"Code pays":"GRD","Nombre d'hospitalisation en moyenne":null,"Moyenne d'age":"29.399999618530273","Moyenne des cas":"2.6875","Moyenne des morts":null},{"Nombre de tests en moyenne":"3683.0","Code pays":"GTM","Nombre d'hospitalisation en moyenne":null,"Moyenne d'age":"22.899999618530273","Moyenne des cas":"505.4375","Moyenne des morts":"20.28125"},{"Nombre de tests en moyenne":null,"Code pays":"GUY","Nombre d'hospitalisation en moyenne":null,"Moyenne d'age":"26.299999237060547","Moyenne des cas":"29.4375","Moyenne des morts":"0.40625"},{"Nombre de tests en moyenne":null,"Code pays":"HKG","Nombre d'hospitalisation en moyenne":null,"Moyenne d'age":"44.79999923706055","Moyenne des cas":null,"Moyenne des morts":null},{"Nombre de tests en moyenne":null,"Code pays":"HND","Nombre d'hospitalisation en moyenne":null,"Moyenne d'age":"24.899999618530273","Moyenne des cas":"460.03125","Moyenne des morts":"7.5625"},{"Nombre de tests en moyenne":"8673.344827586207","Code pays":"HRV","Nombre d'hospitalisation en moyenne":"2738.0","Moyenne d'age":"44.0","Moyenne des cas":"2611.40625","Moyenne des morts":"67.96875"},{"Nombre de tests en moyenne":null,"Code pays":"HTI","Nombre d'hospitalisation en moyenne":null,"Moyenne d'age":"24.299999237060547","Moyenne des cas":"22.53125","Moyenne des morts":"0.09375"},{"Nombre de tests en moyenne":"18685.0","Code pays":"HUN","Nombre d'hospitalisation en moyenne":"7383.185185185185","Moyenne d'age":"43.400001525878906","Moyenne des cas":"3379.875","Moyenne des morts":"151.375"},{"Nombre de tests en moyenne":"37350.333333333336","Code pays":"IDN","Nombre d'hospitalisation en moyenne":null,"Moyenne d'age":"29.299999237060547","Moyenne des cas":"6637.09375","Moyenne des morts":"168.25"},{"Nombre de tests en moyenne":"1025228.448275862","Code pays":"IND","Nombre d'hospitalisation en moyenne":null,"Moyenne d'age":"28.200000762939453","Moyenne des cas":"25746.875","Moyenne des morts":"355.40625"},{"Nombre de tests en moyenne":"13225.258064516129","Code pays":"IRL","Nombre d'hospitalisation en moyenne":"225.2962962962963","Moyenne d'age":"38.70000076293945","Moyenne des cas":"655.875","Moyenne des morts":"6.09375"},{"Nombre de tests en moyenne":"47581.75","Code pays":"IRN","Nombre d'hospitalisation en moyenne":null,"Moyenne d'age":"32.400001525878906","Moyenne des cas":"8417.46875","Moyenne des morts":"221.59375"},{"Nombre de tests en moyenne":"32900.0","Code pays":"IRQ","Nombre d'hospitalisation en moyenne":null,"Moyenne d'age":"20.0","Moyenne des cas":"1363.875","Moyenne des morts":"17.6875"},{"Nombre de tests en moyenne":"877.6551724137931","Code pays":"ISL","Nombre d'hospitalisation en moyenne":"32.8","Moyenne d'age":"37.29999923706055","Moyenne des cas":"11.3125","Moyenne des morts":"0.09375"},{"Nombre de tests en moyenne":"72504.04","Code pays":"ISR","Nombre d'hospitalisation en moyenne":null,"Moyenne d'age":"30.600000381469727","Moyenne des cas":"2853.71875","Moyenne des morts":"15.125"},{"Nombre de tests en moyenne":"150113.16129032258","Code pays":"ITA","Nombre d'hospitalisation en moyenne":"30710.555555555555","Moyenne d'age":"47.900001525878906","Moyenne des cas":"16494.4375","Moyenne des morts":"595.15625"},{"Nombre de tests en moyenne":"854.0869565217391","Code pays":"JAM","Nombre d'hospitalisation en moyenne":null,"Moyenne d'age":"31.399999618530273","Moyenne des cas":"67.25","Moyenne des morts":"1.4375"},{"Nombre de tests en moyenne":"19944.55172413793","Code pays":"JOR","Nombre d'hospitalisation en moyenne":null,"Moyenne d'age":"23.200000762939453","Moyenne des cas":"2385.46875","Moyenne des morts":"34.375"},{"Nombre de tests en moyenne":"41094.903225806454","Code pays":"JPN","Nombre d'hospitalisation en moyenne":null,"Moyenne d'age":"48.20000076293945","Moyenne des cas":"2815.8125","Moyenne des morts":"39.5625"},{"Nombre de tests en moyenne":"31916.68181818182","Code pays":"KAZ","Nombre d'hospitalisation en moyenne":null,"Moyenne d'age":"30.600000381469727","Moyenne des cas":"859.28125","Moyenne des morts":"10.375"},{"Nombre de tests en moyenne":"7137.0","Code pays":"KEN","Nombre d'hospitalisation en moyenne":null,"Moyenne d'age":"20.0","Moyenne des cas":"406.125","Moyenne des morts":"6.625"},{"Nombre de tests en moyenne":null,"Code pays":"KGZ","Nombre d'hospitalisation en moyenne":null,"Moyenne d'age":"26.299999237060547","Moyenne des cas":"249.3125","Moyenne des morts":"2.53125"},{"Nombre de tests en moyenne":null,"Code pays":"KHM","Nombre d'hospitalisation en moyenne":null,"Moyenne d'age":"25.600000381469727","Moyenne des cas":"1.65625","Moyenne des morts":null},{"Nombre de tests en moyenne":null,"Code pays":"KNA","Nombre d'hospitalisation en moyenne":null,"Moyenne d'age":null,"Moyenne des cas":"0.3125","Moyenne des morts":null},{"Nombre de tests en moyenne":"33613.03333333333","Code pays":"KOR","Nombre d'hospitalisation en moyenne":null,"Moyenne d'age":"43.400001525878906","Moyenne des cas":"873.15625","Moyenne des morts":"13.0"},{"Nombre de tests en moyenne":"5198.966666666666","Code pays":"KWT","Nombre d'hospitalisation en moyenne":null,"Moyenne d'age":"33.70000076293945","Moyenne des cas":"257.3125","Moyenne des morts":"1.75"},{"Nombre de tests en moyenne":null,"Code pays":"LAO","Nombre d'hospitalisation en moyenne":null,"Moyenne d'age":"24.399999618530273","Moyenne des cas":"0.0625","Moyenne des morts":null},{"Nombre de tests en moyenne":null,"Code pays":"LBN","Nombre d'hospitalisation en moyenne":null,"Moyenne d'age":"31.100000381469727","Moyenne des cas":"1748.25","Moyenne des morts":"14.40625"},{"Nombre de tests en moyenne":null,"Code pays":"LBR","Nombre d'hospitalisation en moyenne":null,"Moyenne d'age":"19.200000762939453","Moyenne des cas":"5.75","Moyenne des morts":"0.0"},{"Nombre de tests en moyenne":"4245.0","Code pays":"LBY","Nombre d'hospitalisation en moyenne":null,"Moyenne d'age":"29.0","Moyenne des cas":"560.46875","Moyenne des morts":"9.5"},{"Nombre de tests en moyenne":null,"Code pays":"LCA","Nombre d'hospitalisation en moyenne":null,"Moyenne d'age":"34.900001525878906","Moyenne des cas":"2.9375","Moyenne des morts":"0.09375"},{"Nombre de tests en moyenne":null,"Code pays":"LIE","Nombre d'hospitalisation en moyenne":null,"Moyenne d'age":null,"Moyenne des cas":"28.28125","Moyenne des morts":"0.71875"},{"Nombre de tests en moyenne":"13387.935483870968","Code pays":"LKA","Nombre d'hospitalisation en moyenne":null,"Moyenne d'age":"34.099998474121094","Moyenne des cas":"620.90625","Moyenne des morts":"2.8125"},{"Nombre de tests en moyenne":null,"Code pays":"LSO","Nombre d'hospitalisation en moyenne":null,"Moyenne d'age":"22.200000762939453","Moyenne des cas":"34.28125","Moyenne des morts":"0.21875"},{"Nombre de tests en moyenne":"12012.09677419355","Code pays":"LTU","Nombre d'hospitalisation en moyenne":"2263.55","Moyenne d'age":"43.5","Moyenne des cas":"2580.5625","Moyenne des morts":"33.84375"},{"Nombre de tests en moyenne":"9487.931034482759","Code pays":"LUX","Nombre d'hospitalisation en moyenne":"203.59259259259258","Moyenne d'age":"39.70000076293945","Moyenne des cas":"366.78125","Moyenne des morts":"5.4375"},{"Nombre de tests en moyenne":"8144.387096774193","Code pays":"LVA","Nombre d'hospitalisation en moyenne":"781.8518518518518","Moyenne d'age":"43.900001525878906","Moyenne des cas":"766.875","Moyenne des morts":"13.6875"},{"Nombre de tests en moyenne":"16192.666666666666","Code pays":"MAR","Nombre d'hospitalisation en moyenne":null,"Moyenne d'age":"29.600000381469727","Moyenne des cas":"2644.8125","Moyenne des morts":"49.34375"},{"Nombre de tests en moyenne":null,"Code pays":"MCO","Nombre d'hospitalisation en moyenne":null,"Moyenne d'age":null,"Moyenne des cas":"8.625","Moyenne des morts":"0.0"},{"Nombre de tests en moyenne":null,"Code pays":"MDA","Nombre d'hospitalisation en moyenne":null,"Moyenne d'age":"37.599998474121094","Moyenne des cas":"1184.1875","Moyenne des morts":"21.875"},{"Nombre de tests en moyenne":null,"Code pays":"MDG","Nombre d'hospitalisation en moyenne":null,"Moyenne d'age":"19.600000381469727","Moyenne des cas":"11.65625","Moyenne des morts":"0.3125"},{"Nombre de tests en moyenne":"627.5714285714286","Code pays":"MDV","Nombre d'hospitalisation en moyenne":null,"Moyenne d'age":"30.600000381469727","Moyenne des cas":"24.78125","Moyenne des morts":"0.0625"},{"Nombre de tests en moyenne":"21040.6","Code pays":"MEX","Nombre d'hospitalisation en moyenne":null,"Moyenne d'age":"29.299999237060547","Moyenne des cas":"10113.8125","Moyenne des morts":"642.71875"},{"Nombre de tests en moyenne":null,"Code pays":"MHL","Nombre d'hospitalisation en moyenne":null,"Moyenne d'age":null,"Moyenne des cas":"0.0","Moyenne des morts":null},{"Nombre de tests en moyenne":"2197.3793103448274","Code pays":"MKD","Nombre d'hospitalisation en moyenne":null,"Moyenne d'age":"39.099998474121094","Moyenne des cas":"683.28125","Moyenne des morts":"23.34375"},{"Nombre de tests en moyenne":null,"Code pays":"MLI","Nombre d'hospitalisation en moyenne":null,"Moyenne d'age":"16.399999618530273","Moyenne des cas":"77.90625","Moyenne des morts":"3.59375"},{"Nombre de tests en moyenne":"2790.8571428571427","Code pays":"MLT","Nombre d'hospitalisation en moyenne":null,"Moyenne d'age":"42.400001525878906","Moyenne des cas":"94.875","Moyenne des morts":"2.5625"},{"Nombre de tests en moyenne":"22661.72","Code pays":"MMR","Nombre d'hospitalisation en moyenne":null,"Moyenne d'age":"29.100000381469727","Moyenne des cas":"1072.78125","Moyenne des morts":"23.625"},{"Nombre de tests en moyenne":null,"Code pays":"MNE","Nombre d'hospitalisation en moyenne":null,"Moyenne d'age":"39.099998474121094","Moyenne des cas":"416.375","Moyenne des morts":"5.78125"},{"Nombre de tests en moyenne":null,"Code pays":"MNG","Nombre d'hospitalisation en moyenne":null,"Moyenne d'age":"28.600000381469727","Moyenne des cas":"13.78125","Moyenne des morts":"0.25"},{"Nombre de tests en moyenne":"1303.9666666666667","Code pays":"MOZ","Nombre d'hospitalisation en moyenne":null,"Moyenne d'age":"17.700000762939453","Moyenne des cas":"96.65625","Moyenne des morts":"1.125"},{"Nombre de tests en moyenne":"746.0","Code pays":"MRT","Nombre d'hospitalisation en moyenne":null,"Moyenne d'age":"20.299999237060547","Moyenne des cas":"186.875","Moyenne des morts":"5.375"},{"Nombre de tests en moyenne":null,"Code pays":"MUS","Nombre d'hospitalisation en moyenne":null,"Moyenne d'age":"37.400001525878906","Moyenne des cas":"0.71875","Moyenne des morts":"0.0"},{"Nombre de tests en moyenne":null,"Code pays":"MWI","Nombre d'hospitalisation en moyenne":null,"Moyenne d'age":"18.100000381469727","Moyenne des cas":"20.5","Moyenne des morts":"0.1875"},{"Nombre de tests en moyenne":"21663.0","Code pays":"MYS","Nombre d'hospitalisation en moyenne":null,"Moyenne d'age":"29.899999618530273","Moyenne des cas":"1543.15625","Moyenne des morts":"3.5625"},{"Nombre de tests en moyenne":"1673.7","Code pays":"NAM","Nombre d'hospitalisation en moyenne":null,"Moyenne d'age":"22.0","Moyenne des cas":"317.65625","Moyenne des morts":"1.78125"},{"Nombre de tests en moyenne":null,"Code pays":"NER","Nombre d'hospitalisation en moyenne":null,"Moyenne d'age":"15.100000381469727","Moyenne des cas":"57.96875","Moyenne des morts":"1.0625"},{"Nombre de tests en moyenne":"6126.0","Code pays":"NGA","Nombre d'hospitalisation en moyenne":null,"Moyenne d'age":"18.100000381469727","Moyenne des cas":"657.1875","Moyenne des morts":"3.78125"},{"Nombre de tests en moyenne":null,"Code pays":"NIC","Nombre d'hospitalisation en moyenne":null,"Moyenne d'age":"27.299999237060547","Moyenne des cas":"8.1875","Moyenne des morts":"0.15625"},{"Nombre de tests en moyenne":null,"Code pays":"NLD","Nombre d'hospitalisation en moyenne":"1392.7037037037037","Moyenne d'age":"43.20000076293945","Moyenne des cas":"8896.4375","Moyenne des morts":"67.84375"},{"Nombre de tests en moyenne":"16722.444444444445","Code pays":"NOR","Nombre d'hospitalisation en moyenne":"129.11111111111111","Moyenne d'age":"39.70000076293945","Moyenne des cas":"426.65625","Moyenne des morts":"3.25"},{"Nombre de tests en moyenne":"6306.259259259259","Code pays":"NPL","Nombre d'hospitalisation en moyenne":null,"Moyenne d'age":"25.0","Moyenne des cas":"861.46875","Moyenne des morts":"11.125"},{"Nombre de tests en moyenne":"4586.181818181818","Code pays":"NZL","Nombre d'hospitalisation en moyenne":null,"Moyenne d'age":"37.900001525878906","Moyenne des cas":"3.21875","Moyenne des morts":"0.0"},{"Nombre de tests en moyenne":null,"Code pays":"OMN","Nombre d'hospitalisation en moyenne":null,"Moyenne d'age":"30.700000762939453","Moyenne des cas":"161.5","Moyenne des morts":"2.375"},{"Nombre de tests en moyenne":"38523.933333333334","Code pays":"PAK","Nombre d'hospitalisation en moyenne":null,"Moyenne d'age":"23.5","Moyenne des cas":"2621.25","Moyenne des morts":"67.71875"},{"Nombre de tests en moyenne":"12810.833333333334","Code pays":"PAN","Nombre d'hospitalisation en moyenne":null,"Moyenne d'age":"29.700000762939453","Moyenne des cas":"2622.71875","Moyenne des morts":"30.78125"},{"Nombre de tests en moyenne":"5420.125","Code pays":"PER","Nombre d'hospitalisation en moyenne":null,"Moyenne d'age":"29.100000381469727","Moyenne des cas":"1643.96875","Moyenne des morts":"54.90625"},{"Nombre de tests en moyenne":"29659.966666666667","Code pays":"PHL","Nombre d'hospitalisation en moyenne":null,"Moyenne d'age":"25.200000762939453","Moyenne des cas":"1380.9375","Moyenne des morts":"26.75"},{"Nombre de tests en moyenne":null,"Code pays":"PNG","Nombre d'hospitalisation en moyenne":null,"Moyenne d'age":"22.600000381469727","Moyenne des cas":"3.875","Moyenne des morts":"0.0625"},{"Nombre de tests en moyenne":"29817.0","Code pays":"POL","Nombre d'hospitalisation en moyenne":"18861.222222222223","Moyenne d'age":"41.79999923706055","Moyenne des cas":"9842.59375","Moyenne des morts":"368.9375"},{"Nombre de tests en moyenne":"33451.95238095238","Code pays":"PRT","Nombre d'hospitalisation en moyenne":"3142.037037037037","Moyenne d'age":"46.20000076293945","Moyenne des cas":"3830.25","Moyenne des morts":"77.09375"},{"Nombre de tests en moyenne":"3674.296296296296","Code pays":"PRY","Nombre d'hospitalisation en moyenne":null,"Moyenne d'age":"26.5","Moyenne des cas":"810.15625","Moyenne des morts":"15.8125"},{"Nombre de tests en moyenne":"5949.709677419355","Code pays":"PSE","Nombre d'hospitalisation en moyenne":null,"Moyenne d'age":"20.399999618530273","Moyenne des cas":"1674.25","Moyenne des morts":"21.4375"},{"Nombre de tests en moyenne":"4160.5161290322585","Code pays":"QAT","Nombre d'hospitalisation en moyenne":null,"Moyenne d'age":"31.899999618530273","Moyenne des cas":"162.78125","Moyenne des morts":"0.25"},{"Nombre de tests en moyenne":"26064.45","Code pays":"ROU","Nombre d'hospitalisation en moyenne":null,"Moyenne d'age":"43.0","Moyenne des cas":"5026.21875","Moyenne des morts":"140.9375"},{"Nombre de tests en moyenne":"465764.77777777775","Code pays":"RUS","Nombre d'hospitalisation en moyenne":null,"Moyenne d'age":"39.599998474121094","Moyenne des cas":"27438.25","Moyenne des morts":"540.84375"},{"Nombre de tests en moyenne":"3001.470588235294","Code pays":"RWA","Nombre d'hospitalisation en moyenne":null,"Moyenne d'age":"20.299999237060547","Moyenne des cas":"78.9375","Moyenne des morts":"1.40625"},{"Nombre de tests en moyenne":"36830.13333333333","Code pays":"SAU","Nombre d'hospitalisation en moyenne":null,"Moyenne d'age":"31.899999618530273","Moyenne des cas":"172.4375","Moyenne des morts":"10.4375"},{"Nombre de tests en moyenne":null,"Code pays":"SDN","Nombre d'hospitalisation en moyenne":null,"Moyenne d'age":"19.700000762939453","Moyenne des cas":"172.0625","Moyenne des morts":"6.84375"},{"Nombre de tests en moyenne":"1264.28125","Code pays":"SEN","Nombre d'hospitalisation en moyenne":null,"Moyenne d'age":"18.700000762939453","Moyenne des cas":"102.34375","Moyenne des morts":"2.40625"},{"Nombre de tests en moyenne":null,"Code pays":"SGP","Nombre d'hospitalisation en moyenne":null,"Moyenne d'age":"42.400001525878906","Moyenne des cas":"12.84375","Moyenne des morts":"0.0"},{"Nombre de tests en moyenne":null,"Code pays":"SLB","Nombre d'hospitalisation en moyenne":null,"Moyenne d'age":"20.799999237060547","Moyenne des cas":"0.0","Moyenne des morts":null},{"Nombre de tests en moyenne":null,"Code pays":"SLE","Nombre d'hospitalisation en moyenne":null,"Moyenne d'age":"19.100000381469727","Moyenne des cas":"6.96875","Moyenne des morts":"0.0625"},{"Nombre de tests en moyenne":"2451.4","Code pays":"SLV","Nombre d'hospitalisation en moyenne":null,"Moyenne d'age":"27.600000381469727","Moyenne des cas":"236.09375","Moyenne des morts":"6.65625"},{"Nombre de tests en moyenne":null,"Code pays":"SMR","Nombre d'hospitalisation en moyenne":null,"Moyenne d'age":null,"Moyenne des cas":"25.5","Moyenne des morts":"0.40625"},{"Nombre de tests en moyenne":null,"Code pays":"SOM","Nombre d'hospitalisation en moyenne":null,"Moyenne d'age":"16.799999237060547","Moyenne des cas":"8.21875","Moyenne des morts":"0.53125"},{"Nombre de tests en moyenne":"16732.935483870966","Code pays":"SRB","Nombre d'hospitalisation en moyenne":null,"Moyenne d'age":"41.20000076293945","Moyenne des cas":"5142.46875","Moyenne des morts":"51.4375"},{"Nombre de tests en moyenne":"1668.1666666666667","Code pays":"SSD","Nombre d'hospitalisation en moyenne":null,"Moyenne d'age":"19.200000762939453","Moyenne des cas":"14.03125","Moyenne des morts":"0.0625"},{"Nombre de tests en moyenne":null,"Code pays":"STP","Nombre d'hospitalisation en moyenne":null,"Moyenne d'age":"18.700000762939453","Moyenne des cas":"0.96875","Moyenne des morts":"0.0"},{"Nombre de tests en moyenne":null,"Code pays":"SUR","Nombre d'hospitalisation en moyenne":null,"Moyenne d'age":"29.600000381469727","Moyenne des cas":"30.15625","Moyenne des morts":"0.1875"},{"Nombre de tests en moyenne":"11705.193548387097","Code pays":"SVK","Nombre d'hospitalisation en moyenne":"2024.5185185185185","Moyenne d'age":"41.20000076293945","Moyenne des cas":"2455.59375","Moyenne des morts":"44.09375"},{"Nombre de tests en moyenne":"6479.419354838709","Code pays":"SVN","Nombre d'hospitalisation en moyenne":"1254.7037037037037","Moyenne d'age":"44.5","Moyenne des cas":"1504.25","Moyenne des morts":"40.40625"},{"Nombre de tests en moyenne":"38995.51851851852","Code pays":"SWE","Nombre d'hospitalisation en moyenne":null,"Moyenne d'age":"41.0","Moyenne des cas":"6070.3125","Moyenne des morts":"63.9375"},{"Nombre de tests en moyenne":null,"Code pays":"SWZ","Nombre d'hospitalisation en moyenne":null,"Moyenne d'age":"21.5","Moyenne des cas":"95.71875","Moyenne des morts":"2.9375"},{"Nombre de tests en moyenne":null,"Code pays":"SYC","Nombre d'hospitalisation en moyenne":null,"Moyenne d'age":"36.20000076293945","Moyenne des cas":"2.875","Moyenne des morts":null},{"Nombre de tests en moyenne":null,"Code pays":"SYR","Nombre d'hospitalisation en moyenne":null,"Moyenne d'age":"21.700000762939453","Moyenne des cas":"113.71875","Moyenne des morts":"9.375"},{"Nombre de tests en moyenne":null,"Code pays":"TCD","Nombre d'hospitalisation en moyenne":null,"Moyenne d'age":"16.700000762939453","Moyenne des cas":"14.15625","Moyenne des morts":"0.09375"},{"Nombre de tests en moyenne":"939.7333333333333","Code pays":"TGO","Nombre d'hospitalisation en moyenne":null,"Moyenne d'age":"19.399999618530273","Moyenne des cas":"21.5","Moyenne des morts":"0.125"},{"Nombre de tests en moyenne":"5235.0","Code pays":"THA","Nombre d'hospitalisation en moyenne":null,"Moyenne d'age":"40.099998474121094","Moyenne des cas":"105.34375","Moyenne des morts":"0.125"},{"Nombre de tests en moyenne":null,"Code pays":"TJK","Nombre d'hospitalisation en moyenne":null,"Moyenne d'age":"23.299999237060547","Moyenne des cas":"34.4375","Moyenne des morts":"0.125"},{"Nombre de tests en moyenne":null,"Code pays":"TLS","Nombre d'hospitalisation en moyenne":null,"Moyenne d'age":"18.0","Moyenne des cas":"0.4375","Moyenne des morts":null},{"Nombre de tests en moyenne":"1588.5714285714287","Code pays":"TTO","Nombre d'hospitalisation en moyenne":null,"Moyenne d'age":"36.20000076293945","Moyenne des cas":"15.28125","Moyenne des morts":"0.21875"},{"Nombre de tests en moyenne":null,"Code pays":"TUN","Nombre d'hospitalisation en moyenne":null,"Moyenne d'age":"32.70000076293945","Moyenne des cas":"1368.375","Moyenne des morts":"45.9375"},{"Nombre de tests en moyenne":"190718.5483870968","Code pays":"TUR","Nombre d'hospitalisation en moyenne":null,"Moyenne d'age":"31.600000381469727","Moyenne des cas":"49437.75","Moyenne des morts":"229.59375"},{"Nombre de tests en moyenne":"526.3548387096774","Code pays":"TWN","Nombre d'hospitalisation en moyenne":null,"Moyenne d'age":"42.20000076293945","Moyenne des cas":"3.96875","Moyenne des morts":"0.0"},{"Nombre de tests en moyenne":null,"Code pays":"TZA","Nombre d'hospitalisation en moyenne":null,"Moyenne d'age":"17.700000762939453","Moyenne des cas":"0.0","Moyenne des morts":"0.0"},{"Nombre de tests en moyenne":"3884.7241379310344","Code pays":"UGA","Nombre d'hospitalisation en moyenne":null,"Moyenne d'age":"16.399999618530273","Moyenne des cas":"470.375","Moyenne des morts":"1.875"},{"Nombre de tests en moyenne":"38136.17647058824","Code pays":"UKR","Nombre d'hospitalisation en moyenne":null,"Moyenne d'age":"41.400001525878906","Moyenne des cas":"10766.0","Moyenne des morts":"209.5625"},{"Nombre de tests en moyenne":"6727.137931034483","Code pays":"URY","Nombre d'hospitalisation en moyenne":null,"Moyenne d'age":"35.599998474121094","Moyenne des cas":"434.25","Moyenne des morts":"3.625"},{"Nombre de tests en moyenne":"1565635.076923077","Code pays":"USA","Nombre d'hospitalisation en moyenne":"111397.1","Moyenne d'age":"38.29999923706055","Moyenne des cas":"203775.84375","Moyenne des morts":"2488.21875"},{"Nombre de tests en moyenne":null,"Code pays":"UZB","Nombre d'hospitalisation en moyenne":null,"Moyenne d'age":"28.200000762939453","Moyenne des cas":"127.75","Moyenne des morts":"0.125"},{"Nombre de tests en moyenne":null,"Code pays":"VAT","Nombre d'hospitalisation en moyenne":null,"Moyenne d'age":null,"Moyenne des cas":"0.0","Moyenne des morts":null},{"Nombre de tests en moyenne":null,"Code pays":"VCT","Nombre d'hospitalisation en moyenne":null,"Moyenne d'age":"31.799999237060547","Moyenne des cas":"1.125","Moyenne des morts":null},{"Nombre de tests en moyenne":null,"Code pays":"VEN","Nombre d'hospitalisation en moyenne":null,"Moyenne d'age":"29.0","Moyenne des cas":"359.0625","Moyenne des morts":"4.15625"},{"Nombre de tests en moyenne":null,"Code pays":"VNM","Nombre d'hospitalisation en moyenne":null,"Moyenne d'age":"32.599998474121094","Moyenne des cas":"3.96875","Moyenne des morts":"0.0"},{"Nombre de tests en moyenne":null,"Code pays":"VUT","Nombre d'hospitalisation en moyenne":null,"Moyenne d'age":"23.100000381469727","Moyenne des cas":"0.0","Moyenne des morts":null},{"Nombre de tests en moyenne":null,"Code pays":"WSM","Nombre d'hospitalisation en moyenne":null,"Moyenne d'age":"22.0","Moyenne des cas":"0.0","Moyenne des morts":null},{"Nombre de tests en moyenne":null,"Code pays":"YEM","Nombre d'hospitalisation en moyenne":null,"Moyenne d'age":"20.299999237060547","Moyenne des cas":"-2.8125","Moyenne des morts":"-0.28125"},{"Nombre de tests en moyenne":"39590.67857142857","Code pays":"ZAF","Nombre d'hospitalisation en moyenne":null,"Moyenne d'age":"27.299999237060547","Moyenne des cas":"8871.34375","Moyenne des morts":"229.75"},{"Nombre de tests en moyenne":"6222.633333333333","Code pays":"ZMB","Nombre d'hospitalisation en moyenne":null,"Moyenne d'age":"17.700000762939453","Moyenne des cas":"104.6875","Moyenne des morts":"1.03125"},{"Nombre de tests en moyenne":"1518.9333333333334","Code pays":"ZWE","Nombre d'hospitalisation en moyenne":null,"Moyenne d'age":"19.600000381469727","Moyenne des cas":"129.1875","Moyenne des morts":"2.90625"}]