[{"Nombre de tests en moyenne":null,"Code pays":"BRB","Nombre d'hospitalisation en moyenne":null,"Moyenne d'age":"39.79999923706055","Moyenne des cas":"3.71875","Moyenne des morts":"0.0"},{"Nombre de tests en moyenne":"84778.19230769231","Code pays":"CAN","Nombre d'hospitalisation en moyenne":"3350.9333333333334","Moyenne d'age":"41.400001525878906","Moyenne des cas":"6370.09375","Moyenne des morts":"109.28125"},{"Nombre de tests en moyenne":null,"Code pays":"DMA","Nombre d'hospitalisation en moyenne":null,"Moyenne d'age":null,"Moyenne des cas":"0.09375","Moyenne des morts":null},{"Nombre de tests en moyenne":"4604.5","Code pays":"DOM","Nombre d'hospitalisation en moyenne":null,"Moyenne d'age":"27.600000381469727","Moyenne des cas":"882.1875","Moyenne des morts":"2.65625"},{"Nombre de tests en moyenne":null,"Code pays":"GRD","Nombre d'hospitalisation en moyenne":null,"Moyenne d'age":"29.399999618530273","Moyenne des cas":"2.6875","Moyenne des morts":null},{"Nombre de tests en moyenne":null,"Code pays":"HTI","Nombre d'hospitalisation en moyenne":null,"Moyenne d'age":"24.299999237060547","Moyenne des cas":"22.53125","Moyenne des morts":"0.09375"},{"Nombre de tests en moyenne":"2451.4","Code pays":"SLV","Nombre d'hospitalisation en moyenne":null,"Moyenne d'age":"27.600000381469727","Moyenne des cas":"236.09375","Moyenne des morts":"6.65625"},{"Nombre de tests en moyenne":"1588.5714285714287","Code pays":"TTO","Nombre d'hospitalisation en moyenne":null,"Moyenne d'age":"36.20000076293945","Moyenne des cas":"15.28125","Moyenne des morts":"0.21875"},{"Nombre de tests en moyenne":"1565635.076923077","Code pays":"USA","Nombre d'hospitalisation en moyenne":"111397.1","Moyenne d'age":"38.29999923706055","Moyenne des cas":"203775.84375","Moyenne des morts":"2488.21875"},{"Nombre de tests en moyenne":null,"Code pays":"ATG","Nombre d'hospitalisation en moyenne":null,"Moyenne d'age":"32.099998474121094","Moyenne des cas":"0.5625","Moyenne des morts":"0.03125"},{"Nombre de tests en moyenne":null,"Code pays":"BHS","Nombre d'hospitalisation en moyenne":null,"Moyenne d'age":"34.29999923706055","Moyenne des cas":"10.8125","Moyenne des morts":"0.25"},{"Nombre de tests en moyenne":null,"Code pays":"BLZ","Nombre d'hospitalisation en moyenne":null,"Moyenne d'age":"25.0","Moyenne des cas":"153.8125","Moyenne des morts":"3.125"},{"Nombre de tests en moyenne":null,"Code pays":"CRI","Nombre d'hospitalisation en moyenne":null,"Moyenne d'age":"33.599998474121094","Moyenne des cas":"927.59375","Moyenne des morts":"14.34375"},{"Nombre de tests en moyenne":"11697.4","Code pays":"CUB","Nombre d'hospitalisation en moyenne":null,"Moyenne d'age":"43.099998474121094","Moyenne des cas":"117.875","Moyenne des morts":"0.34375"},{"Nombre de tests en moyenne":"3683.0","Code pays":"GTM","Nombre d'hospitalisation en moyenne":null,"Moyenne d'age":"22.899999618530273","Moyenne des cas":"505.4375","Moyenne des morts":"20.28125"},{"Nombre de tests en moyenne":null,"Code pays":"HND","Nombre d'hospitalisation en moyenne":null,"Moyenne d'age":"24.899999618530273","Moyenne des cas":"460.03125","Moyenne des morts":"7.5625"},{"Nombre de tests en moyenne":"854.0869565217391","Code pays":"JAM","Nombre d'hospitalisation en moyenne":null,"Moyenne d'age":"31.399999618530273","Moyenne des cas":"67.25","Moyenne des morts":"1.4375"},{"Nombre de tests en moyenne":null,"Code pays":"KNA","Nombre d'hospitalisation en moyenne":null,"Moyenne d'age":null,"Moyenne des cas":"0.3125","Moyenne des morts":null},{"Nombre de tests en moyenne":null,"Code pays":"LCA","Nombre d'hospitalisation en moyenne":null,"Moyenne d'age":"34.900001525878906","Moyenne des cas":"2.9375","Moyenne des morts":"0.09375"},{"Nombre de tests en moyenne":"21040.6","Code pays":"MEX","Nombre d'hospitalisation en moyenne":null,"Moyenne d'age":"29.299999237060547","Moyenne des cas":"10113.8125","Moyenne des morts":"642.71875"},{"Nombre de tests en moyenne":null,"Code pays":"NIC","Nombre d'hospitalisation en moyenne":null,"Moyenne d'age":"27.299999237060547","Moyenne des cas":"8.1875","Moyenne des morts":"0.15625"},{"Nombre de tests en moyenne":"12810.833333333334","Code pays":"PAN","Nombre d'hospitalisation en moyenne":null,"Moyenne d'age":"29.700000762939453","Moyenne des cas":"2622.71875","Moyenne des morts":"30.78125"},{"Nombre de tests en moyenne":null,"Code pays":"VCT","Nombre d'hospitalisation en moyenne":null,"Moyenne d'age":"31.799999237060547","Moyenne des cas":"1.125","Moyenne des morts":null}]