[{"Nombre de tests en moyenne":"192.8125","Code pays":"FJI","Nombre d'hospitalisation en moyenne":null,"Moyenne d'age":"28.600000381469727","Moyenne des cas":"0.21875","Moyenne des morts":"0.0"},{"Nombre de tests en moyenne":null,"Code pays":"MHL","Nombre d'hospitalisation en moyenne":null,"Moyenne d'age":null,"Moyenne des cas":"0.0","Moyenne des morts":null},{"Nombre de tests en moyenne":null,"Code pays":"SLB","Nombre d'hospitalisation en moyenne":null,"Moyenne d'age":"20.799999237060547","Moyenne des cas":"0.0","Moyenne des morts":null},{"Nombre de tests en moyenne":null,"Code pays":"VUT","Nombre d'hospitalisation en moyenne":null,"Moyenne d'age":"23.100000381469727","Moyenne des cas":"0.0","Moyenne des morts":null},{"Nombre de tests en moyenne":"43521.21428571428","Code pays":"AUS","Nombre d'hospitalisation en moyenne":null,"Moyenne d'age":"37.900001525878906","Moyenne des cas":"17.125","Moyenne des morts":"0.03125"},{"Nombre de tests en moyenne":"4586.181818181818","Code pays":"NZL","Nombre d'hospitalisation en moyenne":null,"Moyenne d'age":"37.900001525878906","Moyenne des cas":"3.21875","Moyenne des morts":"0.0"},{"Nombre de tests en moyenne":null,"Code pays":"PNG","Nombre d'hospitalisation en moyenne":null,"Moyenne d'age":"22.600000381469727","Moyenne des cas":"3.875","Moyenne des morts":"0.0625"},{"Nombre de tests en moyenne":null,"Code pays":"WSM","Nombre d'hospitalisation en moyenne":null,"Moyenne d'age":"22.0","Moyenne des cas":"0.0","Moyenne des morts":null}]