[{"Nombre de tests en moyenne":"1723.892857142857","Code pays":"BOL","Nombre d'hospitalisation en moyenne":null,"Moyenne d'age":"25.399999618530273","Moyenne des cas":"508.65625","Moyenne des morts":"6.8125"},{"Nombre de tests en moyenne":"32440.354838709678","Code pays":"COL","Nombre d'hospitalisation en moyenne":null,"Moyenne d'age":"32.20000076293945","Moyenne des cas":"10564.8125","Moyenne des morts":"210.28125"},{"Nombre de tests en moyenne":null,"Code pays":"GUY","Nombre d'hospitalisation en moyenne":null,"Moyenne d'age":"26.299999237060547","Moyenne des cas":"29.4375","Moyenne des morts":"0.40625"},{"Nombre de tests en moyenne":"18806.69230769231","Code pays":"ARG","Nombre d'hospitalisation en moyenne":null,"Moyenne d'age":"31.899999618530273","Moyenne des cas":"6408.15625","Moyenne des morts":"143.40625"},{"Nombre de tests en moyenne":null,"Code pays":"BRA","Nombre d'hospitalisation en moyenne":null,"Moyenne d'age":"33.5","Moyenne des cas":"42646.875","Moyenne des morts":"696.59375"},{"Nombre de tests en moyenne":"36065.45161290323","Code pays":"CHL","Nombre d'hospitalisation en moyenne":null,"Moyenne d'age":"35.400001525878906","Moyenne des cas":"1900.65625","Moyenne des morts":"39.0625"},{"Nombre de tests en moyenne":"2954.8333333333335","Code pays":"ECU","Nombre d'hospitalisation en moyenne":null,"Moyenne d'age":"28.100000381469727","Moyenne des cas":"646.65625","Moyenne des morts":"18.4375"},{"Nombre de tests en moyenne":"5420.125","Code pays":"PER","Nombre d'hospitalisation en moyenne":null,"Moyenne d'age":"29.100000381469727","Moyenne des cas":"1643.96875","Moyenne des morts":"54.90625"},{"Nombre de tests en moyenne":"3674.296296296296","Code pays":"PRY","Nombre d'hospitalisation en moyenne":null,"Moyenne d'age":"26.5","Moyenne des cas":"810.15625","Moyenne des morts":"15.8125"},{"Nombre de tests en moyenne":null,"Code pays":"SUR","Nombre d'hospitalisation en moyenne":null,"Moyenne d'age":"29.600000381469727","Moyenne des cas":"30.15625","Moyenne des morts":"0.1875"},{"Nombre de tests en moyenne":"6727.137931034483","Code pays":"URY","Nombre d'hospitalisation en moyenne":null,"Moyenne d'age":"35.599998474121094","Moyenne des cas":"434.25","Moyenne des morts":"3.625"},{"Nombre de tests en moyenne":null,"Code pays":"VEN","Nombre d'hospitalisation en moyenne":null,"Moyenne d'age":"29.0","Moyenne des cas":"359.0625","Moyenne des morts":"4.15625"}]